store_id,latitude,longitude,fulfilment_dc,fulfilment_dc_standard
DQ01,3.18121,113.0348,DC KLANG,DC_KLANG
DQ03,4.4005946,113.990548,DC KLANG,DC_KLANG
T011,4.4007412,113.990878,DC KLANG,DC_KLANG
T014,5.9787314,116.0721237,DC KLANG,DC_KLANG
T015,3.182514,113.0342252,DC KLANG,DC_KLANG
ZL01,6.036889,116.129778,DC KLANG,DC_KLANG
ZL02,5.912833,116.102389,DC KLANG,DC_KLANG
ZL03,5.973222,116.068972,DC KLANG,DC_KLANG
ZL05,6.492833,116.761528,DC KLANG,DC_KLANG
ZL06,5.983028,116.073333,DC KLANG,DC_KLANG
ZL07,6.022018,116.149097,DC KLANG,DC_KLANG
ZL08,5.893639,116.047639,DC KLANG,DC_KLANG
ZL09,5.725984,115.935633,DC KLANG,DC_KLANG
ZL10,5.838901,118.119651,DC KLANG,DC_KLANG
ZL11,5.970028,116.066583,DC KLANG,DC_KLANG
ZL12,6.057403,116.1519,DC KLANG,DC_KLANG
ZL13,5.338972,116.149028,DC KLANG,DC_KLANG
ZL14,5.343508,115.735149,DC KLANG,DC_KLANG
ZL15,6.005611,116.144722,DC KLANG,DC_KLANG
ZL16,4.25875,117.918361,DC KLANG,DC_KLANG
ZL17,5.888722,118.058972,DC KLANG,DC_KLANG
ZL18,5.829722,116.043167,DC KLANG,DC_KLANG
ZL19,5.912833,116.102389,DC KLANG,DC_KLANG
ZL20,6.179444,116.233472,DC KLANG,DC_KLANG
ZL21,5.977058,116.112543,DC KLANG,DC_KLANG
ZL22,4.360806,118.099972,DC KLANG,DC_KLANG
ZL23,6.104295,116.206706,DC KLANG,DC_KLANG
ZL24,5.937056,116.082472,DC KLANG,DC_KLANG
ZL25,4.479475,118.609007,DC KLANG,DC_KLANG
ZL26,5.275889,115.249972,DC KLANG,DC_KLANG
ZL27,5.701693,115.934157,DC KLANG,DC_KLANG
ZL28,6.908762,116.847158,DC KLANG,DC_KLANG
ZL29,5.991444,116.117861,DC KLANG,DC_KLANG
ZL30,5.023349,118.332583,DC KLANG,DC_KLANG
ZL31,5.89316,118.051363,DC KLANG,DC_KLANG
ZL32,4.25425,117.896611,DC KLANG,DC_KLANG
ZL33,6.358611,116.428833,DC KLANG,DC_KLANG
ZL34,5.119117,115.94379,DC KLANG,DC_KLANG
ZL35,5.911543,116.091101,DC KLANG,DC_KLANG
ZL36,5.07425,115.548667,DC KLANG,DC_KLANG
ZL37,6.18975,116.226944,DC KLANG,DC_KLANG
ZL38,5.882281,118.029684,DC KLANG,DC_KLANG
ZL39,5.670311,116.365435,DC KLANG,DC_KLANG
ZL40,5.598354,117.820225,DC KLANG,DC_KLANG
ZL41,6.141403,116.272473,DC KLANG,DC_KLANG
ZL42,5.330636,116.151086,DC KLANG,DC_KLANG
ZL43,5.978952,116.072144,DC KLANG,DC_KLANG
ZL44,5.027538,118.292821,DC KLANG,DC_KLANG
ZL45,5.346141,115.743708,DC KLANG,DC_KLANG
ZL46,4.41278,117.78154,DC KLANG,DC_KLANG
ZL47,5.859404,118.074517,DC KLANG,DC_KLANG
ZL48,5.952954,116.665697,DC KLANG,DC_KLANG
ZL49,6.5350836,116.7089422,DC KLANG,DC_KLANG
ZL50,5.893035404,116.0493738,DC KLANG,DC_KLANG
ZL51,5.950997,116.072431,DC KLANG,DC_KLANG
ZL52,5.941149,116.070283,DC KLANG,DC_KLANG
ZL53,5.4721962,115.7997675,DC KLANG,DC_KLANG
ZL54,5.32468,115.23181,DC KLANG,DC_KLANG
ZL55,5.9880384,116.0778788,DC KLANG,DC_KLANG
ZL56,5.3436067,115.7411559,DC KLANG,DC_KLANG
ZL57,4.29739,117.88562,DC KLANG,DC_KLANG
ZL58,6.06143,116.18,DC KLANG,DC_KLANG
ZL59,5.962299,116.096606,DC KLANG,DC_KLANG
ZL60,5.990785,116.135393,DC KLANG,DC_KLANG
ZL61,6.4933759,116.7697693,DC KLANG,DC_KLANG
ZL62,6.163176,116.174515,DC KLANG,DC_KLANG
ZL63,5.736705,115.939296,DC KLANG,DC_KLANG
ZL64,6.87952,116.85154,DC KLANG,DC_KLANG
ZL65,5.969749,116.074954,DC KLANG,DC_KLANG
ZL66,4.4654642,118.5927116,DC KLANG,DC_KLANG
ZL67,4.962052721,115.5071687,DC KLANG,DC_KLANG
ZL68,5.314463941,115.2270536,DC KLANG,DC_KLANG
ZL69,5.944017,116.664408,DC KLANG,DC_KLANG
ZL71,4.263672,118.009484,DC KLANG,DC_KLANG
ZL72,6.114987,116.204556,DC KLANG,DC_KLANG
ZL73,5.632071,115.897937,DC KLANG,DC_KLANG
ZL74,6.208927,116.251328,DC KLANG,DC_KLANG
ZL75,5.40161,115.744588,DC KLANG,DC_KLANG
ZL76,5.93663,116.101178,DC KLANG,DC_KLANG
ZL77,5.353798,115.733385,DC KLANG,DC_KLANG
ZL78,6.164208,116.22122,DC KLANG,DC_KLANG
ZL79,5.838028,118.116194,DC KLANG,DC_KLANG
ZM01,4.400992,113.990776,DC KLANG,DC_KLANG
ZM02,1.507858,110.336657,DC KLANG,DC_KLANG
ZM03,2.325334,111.854,DC KLANG,DC_KLANG
ZM06,1.558323,110.344207,DC KLANG,DC_KLANG
ZM07,1.455018,110.45879,DC KLANG,DC_KLANG
ZM08,1.555455,110.351328,DC KLANG,DC_KLANG
ZM09,4.470835,114.010144,DC KLANG,DC_KLANG
ZM11,1.52705,110.36792,DC KLANG,DC_KLANG
ZM13,1.574606,110.29609,DC KLANG,DC_KLANG
ZM15,2.89627,112.093864,DC KLANG,DC_KLANG
ZM16,3.186028,113.070806,DC KLANG,DC_KLANG
ZM17,2.304917,111.864028,DC KLANG,DC_KLANG
ZM18,1.4992,110.25101,DC KLANG,DC_KLANG
ZM19,2.342139,111.831194,DC KLANG,DC_KLANG
ZM20,1.40349,111.535399,DC KLANG,DC_KLANG
ZM21,1.520528,110.354842,DC KLANG,DC_KLANG
ZM22,4.755139,115.009375,DC KLANG,DC_KLANG
ZM23,1.481688,110.332777,DC KLANG,DC_KLANG
ZM24,2.292861,111.842056,DC KLANG,DC_KLANG
ZM25,1.557905,110.351547,DC KLANG,DC_KLANG
ZM26,1.456022,110.445616,DC KLANG,DC_KLANG
ZM27,4.44995,114.03845,DC KLANG,DC_KLANG
ZM28,2.127624,111.521857,DC KLANG,DC_KLANG
ZM29,3.201444,113.059222,DC KLANG,DC_KLANG
ZM30,1.508386,110.3001,DC KLANG,DC_KLANG
ZM31,3.169861,113.049389,DC KLANG,DC_KLANG
ZM32,1.2375,111.457028,DC KLANG,DC_KLANG
ZM33,1.16825,110.565097,DC KLANG,DC_KLANG
ZM34,1.526442,110.337741,DC KLANG,DC_KLANG
ZM35,2.239717,111.979357,DC KLANG,DC_KLANG
ZM36,4.343805,113.993028,DC KLANG,DC_KLANG
ZM37,3.170204,113.042078,DC KLANG,DC_KLANG
ZM38,3.181667,113.034528,DC KLANG,DC_KLANG
ZM39,1.553567,110.335182,DC KLANG,DC_KLANG
ZM40,2.100692,112.157087,DC KLANG,DC_KLANG
ZM41,2.16982,111.63534,DC KLANG,DC_KLANG
ZM42,1.364935,110.401721,DC KLANG,DC_KLANG
ZM43,3.266737,113.099449,DC KLANG,DC_KLANG
ZM44,3.197914,113.088112,DC KLANG,DC_KLANG
ZM45,4.859208,115.405298,DC KLANG,DC_KLANG
ZM46,4.057032,113.84587,DC KLANG,DC_KLANG
ZM47,3.80567,113.75109,DC KLANG,DC_KLANG
ZM48,4.480253,114.039905,DC KLANG,DC_KLANG
ZM49,1.496372,110.370684,DC KLANG,DC_KLANG
ZM50,1.636869,110.341087,DC KLANG,DC_KLANG
ZM51,1.466301,110.327588,DC KLANG,DC_KLANG
ZM52,4.178504,114.322493,DC KLANG,DC_KLANG
ZM53,1.34893,110.408234,DC KLANG,DC_KLANG
ZM54,3.200658,113.047386,DC KLANG,DC_KLANG
ZM55,4.31772,113.99332,DC KLANG,DC_KLANG
ZM56,1.568086,110.30723,DC KLANG,DC_KLANG
ZM57,1.41924,110.15823,DC KLANG,DC_KLANG
ZM58,2.525341,112.3243178,DC KLANG,DC_KLANG
ZM59,1.495868,110.402425,DC KLANG,DC_KLANG
ZM60,1.291934851,110.4140709,DC KLANG,DC_KLANG
ZM61,1.5975457,110.3362237,DC KLANG,DC_KLANG
ZM62,4.39713,113.99354,DC KLANG,DC_KLANG
ZM63,2.290475,111.825468,DC KLANG,DC_KLANG
ZM64,1.50788,110.33457,DC KLANG,DC_KLANG
ZM65,4.449136,114.031724,DC KLANG,DC_KLANG
ZM66,4.41609105318427,114.015330113188,DC KLANG,DC_KLANG
ZM67,4.50175,114.034828,DC KLANG,DC_KLANG
ZM68,1.512646,110.389263,DC KLANG,DC_KLANG
ZM69,2.012294,112.925517,DC KLANG,DC_KLANG
ZM70,1.456472,110.159178,DC KLANG,DC_KLANG
ZM71,4.0981,113.964018,DC KLANG,DC_KLANG
ZM72,1.449494,110.418884,DC KLANG,DC_KLANG
ZM73,1.527156,110.375113,DC KLANG,DC_KLANG
ZM74,1.507328623,110.360895,DC KLANG,DC_KLANG
ZM75,1.425573,110.324184,DC KLANG,DC_KLANG
ZM76,3.190655,113.047098,DC KLANG,DC_KLANG
ZM77,1.577636,110.250168,DC KLANG,DC_KLANG
ZM78,4.389414,113.985409,DC KLANG,DC_KLANG
ZM79,1.530983,110.367277,DC KLANG,DC_KLANG
ZM80,1.207324,110.531198,DC KLANG,DC_KLANG
ZM81,1.443353,110.376882,DC KLANG,DC_KLANG
ZM82,1.740702,111.334737,DC KLANG,DC_KLANG
ZM83,1.804543,109.776863,DC KLANG,DC_KLANG
ZM84,4.427813,114.004473,DC KLANG,DC_KLANG
ZM85,1.495266,110.303309,DC KLANG,DC_KLANG
ZM86,1.557736,110.256822,DC KLANG,DC_KLANG
ZM87,1.085188,111.186556,DC KLANG,DC_KLANG
ZM88,1.42968,110.32649,DC KLANG,DC_KLANG
ZM89,1.578466,110.369602,DC KLANG,DC_KLANG
ZM90,1.551082,110.38917,DC KLANG,DC_KLANG
ZM91,1.407911,110.336624,DC KLANG,DC_KLANG
ZM92,3.180653,113.049895,DC KLANG,DC_KLANG
ZM93,1.360144,110.318591,DC KLANG,DC_KLANG
ZM94,1.219203,111.467574,DC KLANG,DC_KLANG
C001,5.331306,103.142944,EDC,EDC
C002,6.109722,102.254917,EDC,EDC
C003,5.349917,103.100667,EDC,EDC
C005,5.737028,102.496028,EDC,EDC
C006,6.100667,102.279472,EDC,EDC
C007,6.117611,102.239667,EDC,EDC
C008,5.835611,102.40675,EDC,EDC
C009,5.317944,103.1135,EDC,EDC
C010,5.611241,102.191646,EDC,EDC
C011,5.207127,103.206906,EDC,EDC
C012,4.221889,103.418667,EDC,EDC
C013,4.755472,103.412,EDC,EDC
C014,6.111083,102.230833,EDC,EDC
C015,5.410667,103.073111,EDC,EDC
C016,4.863333,101.961,EDC,EDC
C017,5.521116,102.747692,EDC,EDC
C018,4.600636,103.444629,EDC,EDC
C019,4.492463,103.441019,EDC,EDC
C020,5.135379,103.085673,EDC,EDC
C021,6.127611,102.24175,EDC,EDC
C023,6.075639,102.234167,EDC,EDC
C025,6.164278,102.28,EDC,EDC
C026,4.386833,103.452889,EDC,EDC
C027,5.806,102.147694,EDC,EDC
C028,6.192417,102.168917,EDC,EDC
C029,6.114694,102.231833,EDC,EDC
C030,5.282167,103.154167,EDC,EDC
C031,5.331794,103.134463,EDC,EDC
C032,6.031111,102.130028,EDC,EDC
C033,4.255968,103.405365,EDC,EDC
C034,5.072306,103.047917,EDC,EDC
C035,5.733528,102.496,EDC,EDC
C036,5.074028,103.020833,EDC,EDC
C037,4.193667,103.410139,EDC,EDC
C038,5.546985,102.201969,EDC,EDC
C039,6.1205241,102.243256,EDC,EDC
C040,6.125111,102.236583,EDC,EDC
C041,6.057704,102.281742,EDC,EDC
C042,5.331253,103.137828,EDC,EDC
C043,5.226963,103.106585,EDC,EDC
C044,6.099875,102.240358,EDC,EDC
C045,5.347152,103.091311,EDC,EDC
C047,6.124684,102.267727,EDC,EDC
C048,5.77837,102.147949,EDC,EDC
C049,5.308645,103.157639,EDC,EDC
C050,5.298169,103.137716,EDC,EDC
C051,5.922657,102.244815,EDC,EDC
C052,5.333487,103.149585,EDC,EDC
C053,6.138031,102.240853,EDC,EDC
C054,5.960987,102.251121,EDC,EDC
C055,5.742818,101.861638,EDC,EDC
C056,6.07237,102.361354,EDC,EDC
C057,5.964028,102.294624,EDC,EDC
C058,4.424005,103.451984,EDC,EDC
C059,5.308454,103.076889,EDC,EDC
C060,5.64791,102.64145,EDC,EDC
C061,6.06103,102.401529,EDC,EDC
C062,6.109541043,102.2528325,EDC,EDC
C063,6.069532,102.23821,EDC,EDC
C064,5.8303622,102.4027353,EDC,EDC
C065,6.006718,102.098096,EDC,EDC
C066,5.83818,101.905417,EDC,EDC
C067,5.393821,103.0822636,EDC,EDC
C068,5.689801,101.847607,EDC,EDC
C069,5.899467,102.315104,EDC,EDC
C070,4.76334,103.41895,EDC,EDC
C071,5.78392,102.55476,EDC,EDC
C072,6.010504,102.382887,EDC,EDC
C073,4.233408,103.369844,EDC,EDC
C074,4.2173601,103.4224131,EDC,EDC
C075,5.999215,102.244577,EDC,EDC
C076,4.191936,103.433437,EDC,EDC
C077,5.530166,102.200743,EDC,EDC
C078,5.297563,103.118056,EDC,EDC
C079,6.144407,102.266615,EDC,EDC
C080,5.4935633,102.223249,EDC,EDC
C081,5.465277,103.023943,EDC,EDC
C082,5.09631,103.0895,EDC,EDC
C083,6.113937,102.214605,EDC,EDC
C084,5.178878,103.226674,EDC,EDC
C085,4.71344,103.416885,EDC,EDC
C086,5.35651,103.095713,EDC,EDC
C087,5.811818,102.131252,EDC,EDC
C088,4.268976,103.435832,EDC,EDC
C089,5.757462,102.567916,EDC,EDC
C090,5.8410632,102.5319524,EDC,EDC
C091,5.274601,103.10461,EDC,EDC
C092,6.087958,102.238875,EDC,EDC
C093,5.205436,103.102441,EDC,EDC
C094,4.889812,101.977677,EDC,EDC
C095,5.889562,102.482438,EDC,EDC
C096,4.696482,103.391441,EDC,EDC
C097,6.102828,102.298829,EDC,EDC
C098,4.2276,103.399553,EDC,EDC
C099,6.06848,102.20611,EDC,EDC
C100,5.3370682,103.1447639,EDC,EDC
C101,5.777698,102.592241,EDC,EDC
C102,6.162147,102.150108,EDC,EDC
C103,6.220892,102.103254,EDC,EDC
DD03,5.83781,101.9055,EDC,EDC
EC01,3.5000569,102.1888496,EDC,EDC
EC03,2.806695,103.459079,EDC,EDC
EC04,3.284742366,102.4560617,EDC,EDC
EC05,4.017981,101.971777,EDC,EDC
EC06,3.472856,102.501201,EDC,EDC
EC07,3.576158,102.369766,EDC,EDC
ED01,6.119077,102.197928,EDC,EDC
ET01,5.641794,102.501687,EDC,EDC
ET02,5.5940509613,102.825991334,EDC,EDC
ET03,4.785379,103.396967,EDC,EDC
PD38,6.193224,102.167942,EDC,EDC
T016,6.1147536,102.2320264,EDC,EDC
TC01,3.8185112,103.3259976,EDC,EDC
TC02,3.484159776624,102.350178454032,EDC,EDC
TC03,3.80759071474834,101.854103925196,EDC,EDC
TD01,5.776819,102.147309,EDC,EDC
ZH31,3.538115,101.902198,EDC,EDC
ZH71,3.476989,102.327796,EDC,EDC
ZH74,3.807281,101.8541547,EDC,EDC
ZH79,3.7688878,103.2475453,EDC,EDC
ZH80,3.82644,103.3049,EDC,EDC
ZH83,3.670696,102.871474,EDC,EDC
ZH84,3.465182,102.39154,EDC,EDC
ZH86,3.80669,101.874861,EDC,EDC
ZH87,4.181014,102.052765,EDC,EDC
ZH88,3.959713,102.422709,EDC,EDC
ZH89,3.75728552,102.5406461,EDC,EDC
ZH90,3.514563,101.913322,EDC,EDC
ZH92,3.11697,103.440591,EDC,EDC
ZH93,3.925725,102.382093,EDC,EDC
ZH94,4.166022,102.032671,EDC,EDC
ZH95,3.826564,103.3046938,EDC,EDC
ZH96,3.961359,103.37102,EDC,EDC
ZI01,3.781687,103.287437,EDC,EDC
ZI02,3.790789,103.33085,EDC,EDC
ZI03,3.723708,103.147495,EDC,EDC
ZI06,3.800501,103.315942,EDC,EDC
ZI07,3.779729,103.22867,EDC,EDC
ZI08,3.81175,103.329861,EDC,EDC
ZI11,3.068326,103.069395,EDC,EDC
ZI16,3.444056,102.41475,EDC,EDC
ZI17,3.519111,103.391361,EDC,EDC
ZI21,3.736357,103.266264,EDC,EDC
ZI22,3.73217,103.316639,EDC,EDC
ZI26,3.605707,103.328249,EDC,EDC
ZI27,3.25975,102.436611,EDC,EDC
ZI28,3.834833,103.299917,EDC,EDC
ZI34,3.771572,102.544539,EDC,EDC
ZI37,3.881755,103.334522,EDC,EDC
ZI38,3.804868,103.323233,EDC,EDC
ZI49,3.79,101.856361,EDC,EDC
ZI61,3.777101,103.320317,EDC,EDC
ZI64,3.834823,103.301373,EDC,EDC
ZI65,2.663762,103.619248,EDC,EDC
ZI67,3.490673,103.392979,EDC,EDC
ZI70,3.871555,103.277024,EDC,EDC
ZI76,3.054697,103.089115,EDC,EDC
ZI77,3.820804,103.325512,EDC,EDC
ZI78,3.421318,102.027938,EDC,EDC
ZI82,3.817976,103.327909,EDC,EDC
ZI90,3.818324,103.326272,EDC,EDC
ZI91,3.135171,102.362419,EDC,EDC
ZI92,3.483669,102.35063,EDC,EDC
ZJ18,3.471295,102.331748,EDC,EDC
ZJ27,3.448611,102.416167,EDC,EDC
ZJ30,3.937417,102.362,EDC,EDC
ZJ37,3.827747,103.340454,EDC,EDC
ZJ46,3.795569,103.315978,EDC,EDC
ZJ61,2.797528,103.4845,EDC,EDC
ZJ66,4.185505,102.054103,EDC,EDC
ZJ70,3.934867,103.367287,EDC,EDC
ZJ72,3.772097,103.230746,EDC,EDC
ZJ76,3.585039,102.781031,EDC,EDC
ZJ77,3.734593,103.30381,EDC,EDC
ZJ82,3.810401,103.30913,EDC,EDC
ZJ83,3.755482,103.202183,EDC,EDC
ZJ84,3.831057,103.328128,EDC,EDC
ZJ85,3.70596,102.371403,EDC,EDC
ZJ88,3.862998,103.251838,EDC,EDC
ZJ91,3.893155,103.35791,EDC,EDC
ZJ93,3.492566,103.414622,EDC,EDC
ZJ96,3.818583,103.276889,EDC,EDC
ZJ99,3.810754,103.322095,EDC,EDC
ZK34,2.429883,103.836965,EDC,EDC
ZKC2,2.439436,103.833187,EDC,EDC
ZKC6,2.273797,103.856961,EDC,EDC
B001,3.10257388284431,101.707877699951,HQ,HQ
B002,3.09000201619277,101.68745203077,HQ,HQ
B003,3.21529887494616,101.638306510228,HQ,HQ
B005,3.07460066529754,101.64908564889,HQ,HQ
B006,3.02249907018696,101.617865998492,HQ,HQ
B007,3.23692328155788,101.698143230155,HQ,HQ
B009,2.95385337924492,101.75707105915,HQ,HQ
B010,3.15766943133537,101.750759540204,HQ,HQ
B012,2.99159631608543,101.794186451069,HQ,HQ
B013,3.19122697607015,101.69145443815,HQ,HQ
B014,3.04383363356727,101.516741026477,HQ,HQ
B015,3.00085098541405,101.53354096212,HQ,HQ
B017,3.02872288410554,101.709595399419,HQ,HQ
B018,3.21821854185657,101.718866902935,HQ,HQ
B019,3.14471464177564,101.7109335437,HQ,HQ
B020,3.11743423023927,101.635103999995,HQ,HQ
B021,2.81114221497714,101.791730329243,HQ,HQ
B022,2.90277333754652,101.789593079384,HQ,HQ
B023,3.07629167476878,101.611865427219,HQ,HQ
B024,3.19933451629481,101.729401433294,HQ,HQ
B025,3.13953540835678,101.629376194005,HQ,HQ
B026,3.19299672826022,101.632789124522,HQ,HQ
B027,3.1144167689168,101.662844350804,HQ,HQ
B028,3.00450901879231,101.786237620959,HQ,HQ
B029,3.10928679740365,101.637198213675,HQ,HQ
B030,3.20451900474488,101.667491784808,HQ,HQ
B031,3.14212665072645,101.711334726701,HQ,HQ
B032,2.82357834878129,101.778898170227,HQ,HQ
B033,2.97964065716101,101.738599662708,HQ,HQ
B034,3.0283,101.71762,HQ,HQ
B035,3.0821931499213,101.582212930822,HQ,HQ
B037,3.15088625076748,101.59161588174,HQ,HQ
B038,3.67332394116766,100.989583708869,HQ,HQ
B039,3.14673956855842,101.713565585732,HQ,HQ
B041,2.93371753049676,101.765321350692,HQ,HQ
B042,3.4040728,101.5606215,HQ,HQ
B043,2.92596151009288,101.854157217858,HQ,HQ
B044,3.01428126746698,101.694249147249,HQ,HQ
B045,3.15942046377145,101.713441680029,HQ,HQ
B046,3.23644452951532,101.673372023774,HQ,HQ
B047,2.96290077241957,101.755277832673,HQ,HQ
B048,3.11899569102254,101.674254005687,HQ,HQ
B049,3.12716833801867,101.616718523164,HQ,HQ
B050,3.0867867443121,101.647892277114,HQ,HQ
B051,2.9182183656946,101.475055622881,HQ,HQ
B052,3.76405639858871,100.98334879708,HQ,HQ
B053,3.12948950677,101.635057857646,HQ,HQ
B054,3.42446384811363,101.180859721271,HQ,HQ
B055,3.46281983888119,101.657567922445,HQ,HQ
B056,2.93012530159053,101.856644122697,HQ,HQ
B057,3.1053865454446,101.647319217329,HQ,HQ
B058,3.31139339923542,101.420124505207,HQ,HQ
B059,2.95898402910422,101.839219722645,HQ,HQ
B060,3.01144630142017,101.72221116963,HQ,HQ
B062,3.5033927441002,101.103580240824,HQ,HQ
B063,3.21401969991375,101.644462955391,HQ,HQ
B064,3.16372154325301,101.657862575634,HQ,HQ
B065,3.00734680110009,101.805579173145,HQ,HQ
B066,3.0781493474783,101.586845873856,HQ,HQ
B067,2.99134155232605,101.789088317281,HQ,HQ
B068,3.16646046299021,101.65241301398,HQ,HQ
B069,2.94532507997758,101.847051230274,HQ,HQ
B070,3.09934835551811,101.646546041242,HQ,HQ
B071,3.54614620634078,101.660771431858,HQ,HQ
B072,3.20759214250718,101.68991099876,HQ,HQ
B073,3.1331975719769,101.687291665543,HQ,HQ
B074,3.08479054036529,101.69029566172,HQ,HQ
B075,3.1972104710288,101.615914433005,HQ,HQ
B076,3.07417315956218,101.648172897949,HQ,HQ
B077,2.98220272916131,101.816963665179,HQ,HQ
B079,2.88600508420643,101.792565244767,HQ,HQ
B080,2.89875139543643,101.833282088792,HQ,HQ
B081,3.11887782262832,101.67778121811,HQ,HQ
B082,3.23654772857954,101.673735772715,HQ,HQ
B083,2.95672026569593,101.791871988043,HQ,HQ
B084,3.23872893345302,101.649905975291,HQ,HQ
B085,3.25584781048328,101.655563356999,HQ,HQ
B087,2.96669744273295,101.790034658172,HQ,HQ
B088,3.08468666372759,101.673371346657,HQ,HQ
B089,2.95382527723731,101.757114932315,HQ,HQ
B090,3.187391,101.605582,HQ,HQ
C024,6.017639,101.973083,HQ,HQ
D004,2.82300764652035,101.695238303637,HQ,HQ
DB08,3.05520189659281,101.787338623714,HQ,HQ
DB11,3.0279339,101.718401,HQ,HQ
DJ08,1.49486,103.87163,HQ,HQ
DJ11,1.4956907,103.7060588,HQ,HQ
DJ13,1.55261,103.79812,HQ,HQ
DJ15,1.57386,104.20647,HQ,HQ
DJ16,1.521545,103.815434,HQ,HQ
DT01,4.756089,103.411972,HQ,HQ
DW03,3.13462669822232,101.723861383592,HQ,HQ
EA01,4.55047,101.1168786,HQ,HQ
EA02,4.636589,101.134262,HQ,HQ
EA11,3.99796,101.308055,HQ,HQ
EA13,4.363482,100.831018,HQ,HQ
EB01,3.0665992110922,101.636219304553,HQ,HQ
EB02,3.05664456046442,101.545632385901,HQ,HQ
EB03,3.01606265029241,101.441129416059,HQ,HQ
EB04,3.07189128915258,101.766327622329,HQ,HQ
EB05,2.91492601456539,101.651014133872,HQ,HQ
EB06,3.37378458866159,101.532646387582,HQ,HQ
EB07,3.3797215155899,101.409942089722,HQ,HQ
EB08,2.98743931781537,101.868970853809,HQ,HQ
EB09,2.77185806495949,101.75156743475,HQ,HQ
EB10,3.07905629731203,101.421230978813,HQ,HQ
EB11,3.11094881220585,101.765026075979,HQ,HQ
EB12,3.37177412384054,101.612498475314,HQ,HQ
EB13,2.94252,101.61472,HQ,HQ
EB14,2.83227914068858,101.553892938367,HQ,HQ
EC02,4.4140084,101.3835574,HQ,HQ
EJ01,1.853809,103.026237,HQ,HQ
EJ02,2.344377,102.835646,HQ,HQ
EJ03,1.6695333,103.850365,HQ,HQ
EJ05,2.1310752,102.7157668,HQ,HQ
EJ06,2.1935672,103.1994249,HQ,HQ
EJ07,2.212124,103.536399,HQ,HQ
EJ08,2.456936,102.977348,HQ,HQ
EJ09,2.017205,103.291052,HQ,HQ
EJ10,1.73526,103.889251,HQ,HQ
EJ11,1.460416,103.909855,HQ,HQ
EJ12,2.296455,103.131026,HQ,HQ
EJ13,1.439914,103.618674,HQ,HQ
EJ14,2.005586,103.048254,HQ,HQ
EK07,5.821416,100.648904,HQ,HQ
EM01,2.215062,102.264787,HQ,HQ
EM04,2.3301005,102.2495668,HQ,HQ
EM05,2.2927,102.17276,HQ,HQ
EM06,2.17092,102.33543,HQ,HQ
EM07,2.3608,102.182899,HQ,HQ
EM08,2.215443,102.341923,HQ,HQ
EM09,2.149118,102.386869,HQ,HQ
EN01,2.83159601949408,102.318645783411,HQ,HQ
EN02,2.70091430877388,101.822149574292,HQ,HQ
EN03,2.64898422592207,101.923251630054,HQ,HQ
EN05,2.58546988545783,101.962264342733,HQ,HQ
EN06,2.75781920157801,101.820473207659,HQ,HQ
EN07,2.57411225497242,101.855958223527,HQ,HQ
EN08,2.785057,101.776085,HQ,HQ
EN09,2.512983,102.482833,HQ,HQ
EN10,2.935411,102.388031,HQ,HQ
EW01,3.13149241023226,101.671253263604,HQ,HQ
EW02,3.09252974463788,101.761572805466,HQ,HQ
EW03,2.92016772034554,101.659044289127,HQ,HQ
EW04,3.06842885362447,101.70536173475,HQ,HQ
EW05,3.08094624290691,101.730586777397,HQ,HQ
EW06,3.21120629183789,101.64662937842,HQ,HQ
EW07,3.147032,101.739282,HQ,HQ
P010,5.362693,100.526631,HQ,HQ
P016,5.62267,100.47578,HQ,HQ
P047,6.309892,99.856086,HQ,HQ
P071,6.351536,99.736953,HQ,HQ
P123,5.516571,100.53485,HQ,HQ
P150,5.657901,100.499062,HQ,HQ
P167,5.369171,100.275273,HQ,HQ
P176,5.451457,100.402316,HQ,HQ
PD04,6.322746362,99.85170403,HQ,HQ
PD25,6.259502,100.418967,HQ,HQ
PD27,1.48159,103.66037,HQ,HQ
PD29,3.20909278966166,101.657763513842,HQ,HQ
PD31,2.98522854154648,101.780939914302,HQ,HQ
PD32,3.23453119807647,101.490029432886,HQ,HQ
PD33,3.01566630027594,101.430935220612,HQ,HQ
PD34,3.0348380938978,101.76660168355,HQ,HQ
PD35,3.12821667462619,101.732986992085,HQ,HQ
PD36,3.14702403379328,101.767481945,HQ,HQ
PD37,2.0494582,102.5715126,HQ,HQ
PD39,1.7331385,103.9060872,HQ,HQ
PD40,3.06413991255504,101.709785339866,HQ,HQ
PD41,3.19827591420558,101.726200429124,HQ,HQ
Q002,4.596083,101.090028,HQ,HQ
Q005,4.544361,101.068278,HQ,HQ
Q006,4.626694,101.117389,HQ,HQ
Q007,4.354694,100.970528,HQ,HQ
Q008,4.208381,100.672144,HQ,HQ
Q009,4.616722,101.11875,HQ,HQ
Q010,3.31866999792657,101.272142381083,HQ,HQ
Q014,4.36575,100.980194,HQ,HQ
Q015,4.67775,101.121972,HQ,HQ
Q016,4.544778,101.071222,HQ,HQ
Q017,4.335444,101.154222,HQ,HQ
Q018,4.581444,101.059806,HQ,HQ
Q019,4.6163456,101.056436,HQ,HQ
Q020,4.581778,101.059833,HQ,HQ
Q021,4.4985,101.020556,HQ,HQ
Q024,4.640839,101.064232,HQ,HQ
Q025,3.698667,101.513,HQ,HQ
Q026,4.602722,101.0945,HQ,HQ
Q027,4.196265,101.262417,HQ,HQ
Q028,4.574996,101.042807,HQ,HQ
Q031,4.548889,101.09175,HQ,HQ
Q032,4.027889,101.014556,HQ,HQ
Q033,4.587356,101.136507,HQ,HQ
Q034,4.633194,101.126889,HQ,HQ
Q035,3.843444,101.394306,HQ,HQ
Q036,3.897898,100.938915,HQ,HQ
Q037,4.113333,101.28725,HQ,HQ
Q038,4.075157,101.15001,HQ,HQ
Q039,4.467865,101.042852,HQ,HQ
Q040,4.326509,101.055948,HQ,HQ
Q041,4.0092,101.304667,HQ,HQ
Q042,4.324266,101.152354,HQ,HQ
Q043,4.020681,101.046042,HQ,HQ
Q044,4.352013,101.116959,HQ,HQ
Q045,4.571394,101.113822,HQ,HQ
Q046,4.017189,101.026961,HQ,HQ
Q047,4.609714,101.05962,HQ,HQ
Q048,4.670414,101.074354,HQ,HQ
Q051,4.688176,101.120095,HQ,HQ
Q054,4.622372,101.150797,HQ,HQ
Q055,4.316054,101.148621,HQ,HQ
Q056,5.0146,100.53026,HQ,HQ
Q057,3.999121,101.010546,HQ,HQ
Q058,4.467198,101.16296,HQ,HQ
Q060,3.724449,101.472333,HQ,HQ
Q061,4.182783,100.943396,HQ,HQ
Q063,4.6633468,101.160475,HQ,HQ
Q065,4.613519892,101.1182158,HQ,HQ
Q067,4.273797,101.148591,HQ,HQ
Q068,4.580302,101.082384,HQ,HQ
Q069,4.65048,101.10488,HQ,HQ
Q070,4.419839,100.989453,HQ,HQ
Q073,3.680831,101.519789,HQ,HQ
Q074,3.7470073,101.4566498,HQ,HQ
Q075,4.5280832,101.1276551,HQ,HQ
Q079,4.67397,101.16239,HQ,HQ
Q080,4.71767,101.12068,HQ,HQ
Q081,4.5415327,101.0460976,HQ,HQ
Q082,4.523267,101.102256,HQ,HQ
Q084,3.890029,100.854632,HQ,HQ
Q085,4.7159,101.11018,HQ,HQ
Q086,4.377548,100.979813,HQ,HQ
Q091,4.451327,101.154206,HQ,HQ
Q092,4.63287,101.12683,HQ,HQ
Q093,4.5644967,101.0813017,HQ,HQ
Q094,4.216413,101.276746,HQ,HQ
Q096,4.586771,101.045626,HQ,HQ
Q097,4.707155,101.146488,HQ,HQ
Q098,4.188579,101.141512,HQ,HQ
Q100,4.555807,101.079651,HQ,HQ
Q104,4.363307,100.94965,HQ,HQ
Q105,4.593923,101.125672,HQ,HQ
Q108,3.885104,100.935167,HQ,HQ
Q109,4.573571,101.043166,HQ,HQ
Q110,4.488255,101.008735,HQ,HQ
Q113,4.748528,101.117787,HQ,HQ
Q114,3.942569,100.779921,HQ,HQ
Q115,4.542922,101.109673,HQ,HQ
Q116,4.68606,101.085493,HQ,HQ
Q121,3.725535,101.520337,HQ,HQ
T001,3.30216018407254,101.598045816795,HQ,HQ
T002,2.71169581596871,101.915619175001,HQ,HQ
T004,3.21133372034271,101.748818026443,HQ,HQ
T005,1.4823059,103.6630288,HQ,HQ
T006,1.5528504,103.7981273,HQ,HQ
T007,3.0283323,101.7180797,HQ,HQ
T008,3.07641488763159,101.548555577563,HQ,HQ
T009,3.12597138272182,101.728373063414,HQ,HQ
T010,2.82301656271655,101.695846319343,HQ,HQ
T012,3.04571623476818,101.61834891316,HQ,HQ
T013,1.6477002,103.6268114,HQ,HQ
T017,4.6169928,101.1188159,HQ,HQ
T018,4.596699,101.0898031,HQ,HQ
T019,3.15780265270417,101.751001999767,HQ,HQ
T020,2.93357395081384,101.765403659102,HQ,HQ
T021,2.99157114370978,101.793600195046,HQ,HQ
T022,1.5267232,110.3692682,HQ,HQ
T023,3.31604890774133,101.535890746388,HQ,HQ
T025,4.6777838,101.1223646,HQ,HQ
T026,2.71984126946094,101.922947642629,HQ,HQ
T027,2.99518504981977,101.674730009397,HQ,HQ
T028,4.5451431,101.0707266,HQ,HQ
T030,3.17715425281175,101.750800569449,HQ,HQ
TB01,3.06235502468104,101.482250632124,HQ,HQ
TB02,2.97083478443986,101.713974803837,HQ,HQ
TB03,2.92440063156929,101.856646228003,HQ,HQ
TB04,3.00078,101.53352,HQ,HQ
TB05,3.06203531655818,101.47257000438,HQ,HQ
TJ04,1.5634868,103.7353367,HQ,HQ
TJ05,1.5428429,103.6293991,HQ,HQ
TJ08,1.640701,103.617477,HQ,HQ
TJ09,1.4816787,103.6559745,HQ,HQ
TJ10,2.01970033037282,103.290318999861,HQ,HQ
TM01,2.2340792,102.2826496,HQ,HQ
TN01,2.56057281237925,101.810572951294,HQ,HQ
TN02,2.82502835453799,101.777617256169,HQ,HQ
TN03,2.68436801858218,101.971003574433,HQ,HQ
TQ01,1.52794,110.3373,HQ,HQ
TW01,3.2021505242806,101.734243599859,HQ,HQ
TW02,3.13490572657432,101.722749365116,HQ,HQ
TW03,3.20458565137186,101.720553633308,HQ,HQ
ZH01,2.9038863066406,101.763834878578,HQ,HQ
ZH02,2.383565,102.216346,HQ,HQ
ZH03,3.05198041556546,101.462964474555,HQ,HQ
ZH04,3.14053272673272,101.779280093668,HQ,HQ
ZH05,2.994525,101.620576,HQ,HQ
ZH06,2.97600643152266,101.779444352558,HQ,HQ
ZH07,3.07089132696727,101.691842044791,HQ,HQ
ZH08,3.04000772605899,101.792569520207,HQ,HQ
ZH09,3.56405468325245,101.658123671153,HQ,HQ
ZH10,2.47628123044663,102.221473942761,HQ,HQ
ZH11,3.23853039312598,101.446604633236,HQ,HQ
ZH12,3.04239634636828,101.773115378677,HQ,HQ
ZH13,2.2142736,102.2465752,HQ,HQ
ZH14,2.70224934843525,101.979310037893,HQ,HQ
ZH15,2.6800949747845,101.942799451983,HQ,HQ
ZH16,3.15919219345939,101.592108164082,HQ,HQ
ZH17,2.203211,102.308808,HQ,HQ
ZH18,2.99177345310146,102.073495376444,HQ,HQ
ZH20,2.166926,102.432703,HQ,HQ
ZH21,3.11051063426118,101.457761677199,HQ,HQ
ZH22,2.352284,102.10979,HQ,HQ
ZH23,2.81092681731033,102.400896095718,HQ,HQ
ZH24,2.3066628,102.2512921,HQ,HQ
ZH25,2.455985,102.0703625,HQ,HQ
ZH26,2.286352,102.181376,HQ,HQ
ZH27,3.14882796683516,101.594855736661,HQ,HQ
ZH28,2.94128715994593,102.263990372679,HQ,HQ
ZH29,3.09666701584146,102.219523803138,HQ,HQ
ZH30,2.443042,102.183165,HQ,HQ
ZH32,2.29026,102.14078,HQ,HQ
ZH33,3.1440349417322,101.741731518426,HQ,HQ
ZH34,3.2599871623321,101.305761903467,HQ,HQ
ZH35,2.2797462,102.2180725,HQ,HQ
ZH36,2.48510877267925,102.010852903693,HQ,HQ
ZH37,3.20943551300711,101.570789449708,HQ,HQ
ZH38,2.366104,102.051113,HQ,HQ
ZH39,2.27476,102.24841,HQ,HQ
ZH40,3.49546688561805,101.627740207238,HQ,HQ
ZH41,2.179803,102.290756,HQ,HQ
ZH42,2.223623,102.189109,HQ,HQ
ZH43,3.3177212822735,101.536422590452,HQ,HQ
ZH44,2.7476761069549,101.971524895754,HQ,HQ
ZH45,3.31747416409534,101.53702121706,HQ,HQ
ZH46,3.15012891528308,101.544132510122,HQ,HQ
ZH47,2.2319034,102.2818245,HQ,HQ
ZH48,2.69095467120132,101.851261186929,HQ,HQ
ZH49,2.78963196444917,102.293052396425,HQ,HQ
ZH50,2.74703167607763,101.766131476739,HQ,HQ
ZH51,2.73744732757548,102.23173008817,HQ,HQ
ZH52,2.83847343460032,101.726258870957,HQ,HQ
ZH53,3.02246084632358,101.675059999546,HQ,HQ
ZH54,2.82673260344574,101.729830278921,HQ,HQ
ZH55,2.65850389770701,101.556891040357,HQ,HQ
ZH56,4.558140278,101.414856,HQ,HQ
ZH57,2.59719095949207,101.85706174664,HQ,HQ
ZH58,2.240712,102.3024955,HQ,HQ
ZH59,2.92036298626073,101.684112747616,HQ,HQ
ZH60,2.96463897845934,101.72016410898,HQ,HQ
ZH61,2.97949977012866,101.607971813851,HQ,HQ
ZH62,3.16388136191582,101.514011774666,HQ,HQ
ZH63,3.09416433739349,101.60982442909,HQ,HQ
ZH64,3.14448768756515,101.480934911045,HQ,HQ
ZH65,2.339359,102.208864,HQ,HQ
ZH66,3.16619670316145,101.605727765172,HQ,HQ
ZH68,2.86503602412808,101.86835292648,HQ,HQ
ZH69,2.56798792377247,101.829491100083,HQ,HQ
ZH70,4.4918059,101.3876132,HQ,HQ
ZH72,2.87025453939456,101.671235815511,HQ,HQ
ZH73,2.374240637,102.2330856,HQ,HQ
ZH75,2.98452446537711,101.565545965535,HQ,HQ
ZH76,2.80093193491269,101.762979077449,HQ,HQ
ZH77,3.0478703861065,101.585360005991,HQ,HQ
ZH78,3.21003600278351,101.720190261476,HQ,HQ
ZH81,2.59116924441874,102.099670381362,HQ,HQ
ZH82,2.356567,102.512983,HQ,HQ
ZH85,3.10667810859028,101.441858646176,HQ,HQ
ZH91,3.02063442415162,101.579257657012,HQ,HQ
ZI05,2.97482578106194,101.582570814427,HQ,HQ
ZI09,3.15521161487263,101.553678012551,HQ,HQ
ZI10,3.00882059043036,101.434207878687,HQ,HQ
ZI12,3.11179970997216,101.578685310058,HQ,HQ
ZI13,2.72023196550223,101.923303088095,HQ,HQ
ZI14,3.05827667622833,101.59317559112,HQ,HQ
ZI15,3.13272812780894,101.752536638112,HQ,HQ
ZI18,2.58664788097208,102.574416515482,HQ,HQ
ZI19,3.42171067758596,101.626514167401,HQ,HQ
ZI20,4.469444,101.375528,HQ,HQ
ZI23,3.07197190608987,101.539291524476,HQ,HQ
ZI24,3.28327670252906,101.473465936996,HQ,HQ
ZI25,3.20209003639268,101.484493658821,HQ,HQ
ZI29,2.81285163541072,101.499292493809,HQ,HQ
ZI30,3.06500375040961,101.608642280977,HQ,HQ
ZI31,2.9395391767222,101.709765782403,HQ,HQ
ZI32,2.69541804443924,101.905106758895,HQ,HQ
ZI33,2.81713038617708,101.906467565134,HQ,HQ
ZI35,2.94629014138487,101.722547466748,HQ,HQ
ZI36,3.00277976113312,101.399689159606,HQ,HQ
ZI39,3.09503594747457,101.674437562684,HQ,HQ
ZI40,3.02983196006435,101.537159148881,HQ,HQ
ZI41,2.7395739241113,101.959924328151,HQ,HQ
ZI42,2.269944,102.291889,HQ,HQ
ZI43,3.08350178314738,101.409936465209,HQ,HQ
ZI44,2.245616,102.27282,HQ,HQ
ZI45,3.10501886364077,101.596375124121,HQ,HQ
ZI46,3.1310241148128,101.627364590344,HQ,HQ
ZI47,3.08802538250448,101.547287678702,HQ,HQ
ZI48,3.15653719777317,101.597113043776,HQ,HQ
ZI50,3.19846948681214,101.742054572363,HQ,HQ
ZI51,2.52971484817093,102.400445027753,HQ,HQ
ZI52,2.81468025390941,102.414711271047,HQ,HQ
ZI53,2.8151408672833,101.790444349866,HQ,HQ
ZI54,3.07190858479075,101.607276946165,HQ,HQ
ZI55,3.08525195877303,101.52523688475,HQ,HQ
ZI56,3.02466,101.48257,HQ,HQ
ZI57,4.508139,101.408,HQ,HQ
ZI58,2.99961136064026,101.52849233098,HQ,HQ
ZI59,2.287,102.133667,HQ,HQ
ZI60,2.280306,102.391361,HQ,HQ
ZI62,2.99684542361219,101.678437649866,HQ,HQ
ZI63,2.5803789999423,102.608641768829,HQ,HQ
ZI66,3.20458455440167,101.720568709739,HQ,HQ
ZI68,3.08297823578097,101.702541251422,HQ,HQ
ZI69,3.20924982279286,101.564129858187,HQ,HQ
ZI71,2.89214428573693,102.408672999369,HQ,HQ
ZI72,3.06237294949082,101.647002871445,HQ,HQ
ZI73,3.15131014818524,101.614915607538,HQ,HQ
ZI74,3.0626294266432,101.482334634523,HQ,HQ
ZI75,2.9916791006853,101.61483096421,HQ,HQ
ZI79,3.01463974909799,101.457098705441,HQ,HQ
ZI83,2.260657,102.233736,HQ,HQ
ZI84,2.98938572108033,101.572928925555,HQ,HQ
ZI85,2.74277306657005,102.247815096189,HQ,HQ
ZI86,2.72392530356686,101.937212982146,HQ,HQ
ZI87,2.70361205581874,101.921808696091,HQ,HQ
ZI88,3.00626408065942,101.441217311474,HQ,HQ
ZI89,2.281138,102.216111,HQ,HQ
ZI93,3.2336315772623,101.427850065442,HQ,HQ
ZI94,2.47495308323771,101.856337976987,HQ,HQ
ZI95,2.91974047159909,101.636458724622,HQ,HQ
ZI96,3.22141585318478,101.671005147783,HQ,HQ
ZI98,2.770683532204,101.761818533971,HQ,HQ
ZI99,2.64658780115923,101.720857150447,HQ,HQ
ZJ01,2.99413977990341,101.674650157308,HQ,HQ
ZJ02,3.13741467140737,101.713794235198,HQ,HQ
ZJ03,3.0635207969052,101.694422611946,HQ,HQ
ZJ05,3.17813589593321,101.750987307489,HQ,HQ
ZJ06,3.13653890638109,101.747837708291,HQ,HQ
ZJ07,3.05494129827003,101.787152639043,HQ,HQ
ZJ08,3.23716170206189,101.64415107495,HQ,HQ
ZJ09,3.10683033836476,101.444840260823,HQ,HQ
ZJ10,2.71208510070939,101.915032549582,HQ,HQ
ZJ11,2.189963,102.25278,HQ,HQ
ZJ12,2.234139,102.283,HQ,HQ
ZJ13,3.12870086637613,101.753935635291,HQ,HQ
ZJ16,3.06022593282938,101.593351235647,HQ,HQ
ZJ17,2.5242799009418,101.801774844669,HQ,HQ
ZJ19,3.18899660077859,101.680899158944,HQ,HQ
ZJ20,3.15977348031729,101.61372203391,HQ,HQ
ZJ22,3.1119719114097,101.552511672794,HQ,HQ
ZJ23,3.40251200525262,101.560376809975,HQ,HQ
ZJ28,2.81070123294021,102.395539521091,HQ,HQ
ZJ29,3.0735127151551,101.517032906136,HQ,HQ
ZJ33,3.06062980794652,101.472366557551,HQ,HQ
ZJ34,3.06349301601658,101.45349166642,HQ,HQ
ZJ35,2.72028038024474,101.941039234876,HQ,HQ
ZJ36,2.98256299639106,101.61761915175,HQ,HQ
ZJ38,2.68437730208126,101.970935851378,HQ,HQ
ZJ39,3.20699891694832,101.752173625079,HQ,HQ
ZJ3B,3.19656442671586,101.743390875883,HQ,HQ
ZJ41,2.233528,102.250028,HQ,HQ
ZJ42,3.11968463649143,101.579428270772,HQ,HQ
ZJ43,2.189083,102.249944,HQ,HQ
ZJ44,3.04833052345589,101.759176387606,HQ,HQ
ZJ47,3.08289745130805,101.587675091961,HQ,HQ
ZJ48,2.710918,102.001683,HQ,HQ
ZJ51,2.202811,102.249937,HQ,HQ
ZJ52,3.0189987430837,101.53781534538,HQ,HQ
ZJ55,3.06785009117461,101.766894443013,HQ,HQ
ZJ56,2.98368642449518,101.663616022133,HQ,HQ
ZJ58,3.05016833166724,101.646362187878,HQ,HQ
ZJ59,3.30216358225786,101.598233621198,HQ,HQ
ZJ60,2.7377145319124,102.21778901667,HQ,HQ
ZJ63,2.87367961384731,101.502326563614,HQ,HQ
ZJ65,3.02680593684065,101.581072052254,HQ,HQ
ZJ67,3.32081160798663,101.576759340446,HQ,HQ
ZJ68,2.56054637089929,101.810511238164,HQ,HQ
ZJ69,3.03486788899925,101.615935334983,HQ,HQ
ZJ71,2.311389,102.427861,HQ,HQ
ZJ73,2.92204683780809,101.651667745665,HQ,HQ
ZJ74,3.08250205312187,101.587428600909,HQ,HQ
ZJ78,3.09878195872412,101.735010980165,HQ,HQ
ZJ79,2.88160144115982,101.790748375001,HQ,HQ
ZJ80,2.72322981727313,101.955288940821,HQ,HQ
ZJ81,2.251528,102.157333,HQ,HQ
ZJ86,3.04548076495649,101.618469074795,HQ,HQ
ZJ87,2.218305,102.24715,HQ,HQ
ZJ89,2.466069,102.230821,HQ,HQ
ZJ90,2.93743696852281,102.070705813197,HQ,HQ
ZJ92,2.82281356680618,101.694847599941,HQ,HQ
ZJ94,3.20970174185208,101.748279838421,HQ,HQ
ZJ95,2.99105785339266,101.450862351029,HQ,HQ
ZJ97,3.05436033750734,101.49156016656,HQ,HQ
ZK01,1.647972,103.626684,HQ,HQ
ZK02,1.857472,102.934833,HQ,HQ
ZK03,1.482333,103.662972,HQ,HQ
ZK06,2.509194,102.812556,HQ,HQ
ZK07,2.036067,103.320596,HQ,HQ
ZK08,1.734306,103.904722,HQ,HQ
ZK09,1.547639,103.793639,HQ,HQ
ZK11,1.49249,103.76834,HQ,HQ
ZK12,1.521833,103.815639,HQ,HQ
ZK14,2.036844,103.333812,HQ,HQ
ZK15,1.663544,103.597129,HQ,HQ
ZK16,1.588889,103.803306,HQ,HQ
ZK17,1.459944,103.763083,HQ,HQ
ZK18,1.466583,103.901611,HQ,HQ
ZK19,1.667746,103.575843,HQ,HQ
ZK20,1.639724,103.617541,HQ,HQ
ZK21,1.494706,103.871833,HQ,HQ
ZK22,1.483381,103.665438,HQ,HQ
ZK23,1.48375,103.774278,HQ,HQ
ZK24,1.513361,103.633944,HQ,HQ
ZK25,1.546528,103.621611,HQ,HQ
ZK26,2.512722,102.821889,HQ,HQ
ZK27,1.493222,103.928083,HQ,HQ
ZK28,1.499361,103.700333,HQ,HQ
ZK30,1.496694,103.680972,HQ,HQ
ZK31,2.049003,102.583494,HQ,HQ
ZK32,1.633557,103.63248,HQ,HQ
ZK33,2.010611,103.065111,HQ,HQ
ZK35,1.574182,104.206448,HQ,HQ
ZK36,1.508833,103.68725,HQ,HQ
ZK37,1.48153,103.89073,HQ,HQ
ZK38,1.804389,103.327111,HQ,HQ
ZK39,2.27207,102.542172,HQ,HQ
ZK40,1.849972,103.076972,HQ,HQ
ZK41,1.748963,103.053207,HQ,HQ
ZK42,2.215778,102.659583,HQ,HQ
ZK43,1.851761,102.9254849,HQ,HQ
ZK44,1.391228,103.639236,HQ,HQ
ZK45,2.0407571,102.6559376,HQ,HQ
ZK46,2.063106,102.55652,HQ,HQ
ZK47,1.919722,103.183278,HQ,HQ
ZK48,2.040222,103.319778,HQ,HQ
ZK49,1.478833,103.582889,HQ,HQ
ZK50,1.518056,103.671417,HQ,HQ
ZK51,2.09983,102.640287,HQ,HQ
ZK52,1.514222,103.703028,HQ,HQ
ZK53,1.480056,103.765222,HQ,HQ
ZK54,1.504083,103.760833,HQ,HQ
ZK55,1.485806,103.762333,HQ,HQ
ZK57,1.485389,103.935722,HQ,HQ
ZK58,1.503154,103.516738,HQ,HQ
ZK59,2.433583,102.682222,HQ,HQ
ZK60,2.0366252,103.3338025,HQ,HQ
ZK61,2.547417,102.794194,HQ,HQ
ZK62,1.514139,103.655667,HQ,HQ
ZK65,1.64925,103.260167,HQ,HQ
ZK66,2.387797,103.019474,HQ,HQ
ZK67,2.044233,102.566464,HQ,HQ
ZK68,1.515363,103.68617,HQ,HQ
ZK69,1.45904653636849,103.769707571932,HQ,HQ
ZK70,1.734649,103.904737,HQ,HQ
ZK71,1.548642,103.717239,HQ,HQ
ZK72,1.52852,103.814704,HQ,HQ
ZK73,1.679662,103.148447,HQ,HQ
ZK74,1.553098,103.797808,HQ,HQ
ZK75,1.485282,103.389642,HQ,HQ
ZK76,1.597701,103.815084,HQ,HQ
ZK77,1.864563,103.113276,HQ,HQ
ZK78,1.978838,102.879941,HQ,HQ
ZK79,1.464406,103.728861,HQ,HQ
ZK80,1.957218,102.644959,HQ,HQ
ZK81,1.396997,103.628141,HQ,HQ
ZK82,2.23208,103.039991,HQ,HQ
ZK83,1.515376,103.635424,HQ,HQ
ZK84,1.516049,103.743177,HQ,HQ
ZK85,1.497534,103.640279,HQ,HQ
ZK86,1.568886,103.803956,HQ,HQ
ZK87,2.145228,102.562528,HQ,HQ
ZK88,1.808326,103.482887,HQ,HQ
ZK89,2.003797,103.317062,HQ,HQ
ZK90,2.148779,102.771831,HQ,HQ
ZK91,1.864267,102.962273,HQ,HQ
ZK92,1.49702,103.87016,HQ,HQ
ZK93,1.563666,103.7344208,HQ,HQ
ZK94,1.5427597,103.6294527,HQ,HQ
ZK95,1.4958992,103.7064492,HQ,HQ
ZK96,1.473769,103.9309232,HQ,HQ
ZK97,1.479848,103.399059,HQ,HQ
ZK98,1.5352488,103.7967772,HQ,HQ
ZK99,1.865535,102.949359,HQ,HQ
ZKA1,1.847884,102.933372,HQ,HQ
ZKA2,1.603003,103.644081,HQ,HQ
ZKA3,1.5664447,103.6110767,HQ,HQ
ZKA4,2.56597,102.71915,HQ,HQ
ZKA5,1.4817163,103.6568747,HQ,HQ
ZKA6,1.6749518,103.5322804,HQ,HQ
ZKA7,1.73602855,103.4349976,HQ,HQ
ZKA8,1.45874,103.58453,HQ,HQ
ZKA9,1.5706581,103.7999197,HQ,HQ
ZKB0,1.896703,102.76289,HQ,HQ
ZKB1,1.4953628,103.6559324,HQ,HQ
ZKB2,1.5615905,103.808599,HQ,HQ
ZKB3,1.5364944,103.7852179,HQ,HQ
ZKB4,2.4979745,102.8527715,HQ,HQ
ZKB5,1.478062042,103.3880848,HQ,HQ
ZKB6,1.4952042,103.7411762,HQ,HQ
ZKB7,1.5614515,103.7755151,HQ,HQ
ZKB8,2.0694297,102.5817306,HQ,HQ
ZKB9,1.5380572,103.7464925,HQ,HQ
ZKC0,2.481641,102.852523,HQ,HQ
ZKC1,2.003735,103.35524,HQ,HQ
ZKC3,2.003586,103.290964,HQ,HQ
ZKC4,2.503619,102.825317,HQ,HQ
ZKC5,1.48324,103.95347,HQ,HQ
ZKC7,1.465301,103.764942,HQ,HQ
ZKC8,1.49604,103.81388,HQ,HQ
ZKC9,1.509038,103.685528,HQ,HQ
ZKD0,1.987875,103.366151,HQ,HQ
ZKD1,1.528801,103.581455,HQ,HQ
ZKD2,1.654593,103.588989,HQ,HQ
ZKD3,1.841804,102.948941,HQ,HQ
ZKD4,1.491205,103.910866,HQ,HQ
ZKD5,1.492766,103.399494,HQ,HQ
ZKD6,2.049857,102.600698,HQ,HQ
ZKD7,1.656523342,103.5809905,HQ,HQ
ZKD8,1.455502,103.599112,HQ,HQ
ZKD9,1.830325712,103.3083553,HQ,HQ
ZKE0,2.002522021,102.6055937,HQ,HQ
ZKE1,1.806741897,103.768985,HQ,HQ
ZKE2,1.497005,103.669333,HQ,HQ
ZKE3,1.512338,103.703492,HQ,HQ
ZKE4,1.338821,103.459502,HQ,HQ
ZKE5,2.05232,102.573986,HQ,HQ
ZKE6,1.48395,103.90056,HQ,HQ
ZKE7,1.545682,103.362915,HQ,HQ
ZKE8,1.496029,103.818344,HQ,HQ
ZKE9,2.273321,102.526575,HQ,HQ
ZKF0,1.850979,103.075434,HQ,HQ
ZKF1,2.061796,102.59958,HQ,HQ
ZKF2,1.809181,102.957348,HQ,HQ
ZKF3,2.213133,102.651328,HQ,HQ
ZKF4,1.454904,103.935939,HQ,HQ
ZKF5,1.486986,103.914916,HQ,HQ
ZKF6,1.5462551,103.7658167,HQ,HQ
ZKF7,2.051784,103.348455,HQ,HQ
ZKF8,1.489201,103.869287,HQ,HQ
ZKF9,1.509537,103.5097,HQ,HQ
ZKG0,1.417439,103.62209,HQ,HQ
ZKG1,1.62098,103.816766,HQ,HQ
ZKG2,1.4687191,103.62478,HQ,HQ
ZKG3,1.521282,103.946407,HQ,HQ
ZKG4,1.510203,103.722105,HQ,HQ
ZKG5,1.868079,103.121722,HQ,HQ
ZKG6,1.4996,103.745546,HQ,HQ
ZKG7,1.485127,103.889827,HQ,HQ
ZKG8,1.88187,102.782115,HQ,HQ
ZKG9,1.491801,103.842909,HQ,HQ
ZKH0,1.642798,103.603218,HQ,HQ
ZKH1,1.553494,103.674899,HQ,HQ
ZKH3,1.504647644,103.8218925,HQ,HQ
ZKH4,1.584801,103.648836,HQ,HQ
ZKH5,1.930711,102.854214,HQ,HQ
ZKH6,1.5273,103.67951,HQ,HQ
ZKH7,1.501052,103.777786,HQ,HQ
ZKH8,1.612361,103.655419,HQ,HQ
ZKH9,1.3556821,104.2277063,HQ,HQ
ZKI0,1.577089,103.811662,HQ,HQ
ZKI1,1.842707,103.958638,HQ,HQ
ZKI2,1.507686,103.859799,HQ,HQ
ZKI3,1.720805,103.896911,HQ,HQ
ZKI4,1.546863,103.749353,HQ,HQ
ZKI5,1.56148,103.597804,HQ,HQ
ZKI6,1.520268,103.750865,HQ,HQ
ZKI7,1.481495,103.681773,HQ,HQ
ZKI8,1.952768,103.026321,HQ,HQ
ZKI9,1.677763,103.639546,HQ,HQ
ZKJ2,1.530483,103.618888,HQ,HQ
ZKJ3,1.54644,103.714026,HQ,HQ
ZT01,3.03390270000268,101.764441110868,HQ,HQ
ZT03,3.16643435703639,101.692455317572,HQ,HQ
ZT06,3.14593106652119,101.764705499419,HQ,HQ
ZT07,3.12601029857563,101.736350684154,HQ,HQ
ZT08,3.12735122820519,101.724730084821,HQ,HQ
ZT09,3.08975800553126,101.741592202242,HQ,HQ
ZT10,3.09109482309247,101.713700290964,HQ,HQ
ZT11,3.15987068481124,101.700074441277,HQ,HQ
ZT12,3.09360870883817,101.739037504291,HQ,HQ
ZT13,3.15816040315685,101.695770135227,HQ,HQ
ZT15,3.10692143731568,101.624527330245,HQ,HQ
ZT16,3.13452227915231,101.740924197873,HQ,HQ
ZT17,3.15808511878603,101.612798243346,HQ,HQ
ZT18,3.04854417600708,101.447874381376,HQ,HQ
ZT19,3.13496887250228,101.623599111771,HQ,HQ
ZT20,3.09782608662192,101.799823350267,HQ,HQ
ZT21,3.22036385859292,101.69101606984,HQ,HQ
ZT22,3.20285389691168,101.703026088172,HQ,HQ
ZT23,3.13944612717454,101.368685229412,HQ,HQ
ZT24,3.11237196737516,101.715054623524,HQ,HQ
ZT25,3.0619060028453,101.708543588698,HQ,HQ
ZT26,3.15207924833255,101.760012824492,HQ,HQ
ZT27,3.05322735744742,101.668851995816,HQ,HQ
ZT28,3.07614086121787,101.5480165224,HQ,HQ
ZT29,3.12535728340254,101.727588387085,HQ,HQ
ZT30,3.33717413402608,101.580537135811,HQ,HQ
ZT31,3.00811395266107,101.599561030515,HQ,HQ
ZT32,3.19129323263186,101.653333569618,HQ,HQ
ZT33,3.2105132194718,101.615305220335,HQ,HQ
ZT34,3.02328979987165,101.741378814912,HQ,HQ
ZT35,3.09080331617768,101.559812788716,HQ,HQ
ZT36,3.10237015536528,101.685377572873,HQ,HQ
ZT37,3.07155547873042,101.518062588555,HQ,HQ
ZT38,3.08034575029582,101.637452914764,HQ,HQ
ZT39,2.944136332345,101.586039334868,HQ,HQ
ZT40,3.13484766265304,101.722888717305,HQ,HQ
ZT41,3.00639165049481,101.414107287139,HQ,HQ
ZT42,3.20195517012443,101.734357970332,HQ,HQ
ZT43,2.95686545550982,101.552545769547,HQ,HQ
ZT44,3.14567898723364,101.437774697618,HQ,HQ
ZT45,3.12141832866777,101.740055573511,HQ,HQ
ZT46,3.11442202530745,101.52659992824,HQ,HQ
ZT47,2.96183780659937,101.516818395779,HQ,HQ
ZT48,3.23459763184592,101.490340156313,HQ,HQ
ZT49,3.23829710413325,101.660788991306,HQ,HQ
ZT50,3.04532410281541,101.740460837477,HQ,HQ
ZT51,3.00853912149978,101.479256405364,HQ,HQ
ZT52,3.14004196338603,101.708384158253,HQ,HQ
ZT53,3.18685236251799,101.627365512963,HQ,HQ
ZT54,3.15612519412795,101.695108444132,HQ,HQ
ZT55,3.04959221660226,101.671640888237,HQ,HQ
ZT56,3.14645845368897,101.661779805228,HQ,HQ
ZT57,3.02516448374553,101.751001698842,HQ,HQ
ZT58,3.19867900239641,101.713194606498,HQ,HQ
ZT59,3.19260317206854,101.624991461564,HQ,HQ
ZT60,3.19408380108537,101.732146796278,HQ,HQ
ZT61,3.00756222332187,101.667036774868,HQ,HQ
ZT62,2.64431233589886,102.316912812929,HQ,HQ
ZT63,2.65505960799402,102.003646695113,HQ,HQ
ZT64,2.215831,102.27039,HQ,HQ
ZT65,2.99757831779687,101.812592040512,HQ,HQ
ZT66,2.97053526840378,101.713778576611,HQ,HQ
ZT67,2.82146547595707,101.816968326197,HQ,HQ
ZT68,3.04155921184671,101.42700295651,HQ,HQ
ZT69,2.70026301849995,101.951759809659,HQ,HQ
ZT70,3.18647139599631,101.650688084825,HQ,HQ
ZT71,3.11079088968978,101.637314618588,HQ,HQ
ZT72,3.21105734330156,101.658722524893,HQ,HQ
ZT73,3.00449101526497,101.736555214035,HQ,HQ
ZT74,2.310566,102.279294,HQ,HQ
ZT75,3.24441273780084,101.668130005224,HQ,HQ
ZT76,2.48830760481908,102.193971554019,HQ,HQ
ZT77,3.10097591689179,101.741045839118,HQ,HQ
ZT78,3.11487907120581,101.611335739731,HQ,HQ
ZT79,2.84280660027302,101.829071094541,HQ,HQ
ZT80,3.12039373659007,101.761634438849,HQ,HQ
ZT81,3.13888159680809,101.440029355546,HQ,HQ
ZT82,2.155987,102.427531,HQ,HQ
ZT83,2.94497916935065,101.867804773709,HQ,HQ
ZT84,2.229203,102.22691,HQ,HQ
ZT85,3.16761044030589,101.736277692958,HQ,HQ
ZT86,3.2055203755967,101.470574284381,HQ,HQ
ZT87,2.347985,102.112321,HQ,HQ
ZT88,3.05385875146077,101.738729605327,HQ,HQ
ZT89,3.08714746588325,101.663751183148,HQ,HQ
ZT90,3.32410063992744,101.526009784239,HQ,HQ
ZT91,3.17748171859696,101.547943311013,HQ,HQ
ZT92,2.68444972473034,101.909685439909,HQ,HQ
ZT93,3.08411642999803,101.549386973151,HQ,HQ
ZT94,2.98229581236506,101.667471434371,HQ,HQ
ZT95,3.0983248278897,101.555116881273,HQ,HQ
ZT96,3.20149274367524,101.720149159248,HQ,HQ
ZT97,3.12787573838404,101.468082225437,HQ,HQ
ZT98,3.36972043347471,101.571646984339,HQ,HQ
ZT99,2.26383,102.188846,HQ,HQ
ZTA0,2.95752291155877,101.466354788079,HQ,HQ
ZTA1,3.22811348833619,101.559070067162,HQ,HQ
ZTA2,2.94966347385746,101.525175169501,HQ,HQ
ZTA3,2.99321882670615,101.760543222933,HQ,HQ
ZTA4,3.00609746341245,101.534670345458,HQ,HQ
ZTA5,2.90786333294267,101.865121878462,HQ,HQ
ZTA6,2.726138681101,101.999482877625,HQ,HQ
ZTA7,2.80155886387607,101.655448737197,HQ,HQ
ZTA8,2.66047886039509,101.878588244556,HQ,HQ
ZTA9,2.81238945638103,101.738361859365,HQ,HQ
ZTB0,2.83040340493891,101.617584766033,HQ,HQ
ZTB1,3.15975756242819,101.574055605914,HQ,HQ
ZTB2,2.96798792152607,101.641979627823,HQ,HQ
ZTB3,3.50558271067,101.104839612357,HQ,HQ
ZTB4,2.70415434577368,102.499213004533,HQ,HQ
ZTB5,2.51897712567322,102.157706292862,HQ,HQ
ZTB6,2.82512532891623,101.705841261527,HQ,HQ
ZTB7,2.360473789,102.0381357,HQ,HQ
ZTB8,3.03857167925143,101.696841176283,HQ,HQ
ZTB9,2.81867952934128,101.456940393287,HQ,HQ
ZTC0,3.00713468040011,101.569060957218,HQ,HQ
ZTC1,3.08070209146005,101.61639004649,HQ,HQ
ZTC2,2.69100710333819,101.982360940669,HQ,HQ
ZTC3,3.08115273205262,101.787144679554,HQ,HQ
ZTC4,2.82392359430467,101.890966728402,HQ,HQ
ZTC5,2.7081062107972,102.020206305157,HQ,HQ
ZTC6,3.24624393093245,101.426567357522,HQ,HQ
ZTC7,2.97785969716347,101.656437261448,HQ,HQ
ZTC8,2.82244060828236,101.530759969018,HQ,HQ
ZTC9,2.87072,101.814519,HQ,HQ
ZTD0,3.06824313261012,101.694262000699,HQ,HQ
ZTD1,3.22888623154667,101.426963118867,HQ,HQ
ZTD2,2.70914118316305,101.887683475887,HQ,HQ
ZTD3,3.02736329013032,101.726068319326,HQ,HQ
ZTD4,3.073071,101.762845,HQ,HQ
ZTD5,2.134709,102.489296,HQ,HQ
ZTD6,2.9711958589074,101.827506672123,HQ,HQ
ZTD7,3.38036664597213,101.41351489182,HQ,HQ
ZTD8,2.390421,102.379986,HQ,HQ
ZTD9,3.02608690692762,101.618462868981,HQ,HQ
ZTE0,3.08298820969257,101.62757137278,HQ,HQ
ZTE1,2.71008,101.94665,HQ,HQ
ZTE2,3.1563647,101.6113122,HQ,HQ
ZTE3,3.21164,101.711371,HQ,HQ
ZTE4,2.276342,102.26013,HQ,HQ
ZTE5,2.98401511956856,101.406406983674,HQ,HQ
ZTE6,2.85195454938759,101.800161224782,HQ,HQ
ZTE7,3.075436,101.660703,HQ,HQ
ZTE8,2.44593002212923,101.858986437698,HQ,HQ
ZTE9,3.06256518672548,101.749827736154,HQ,HQ
ZTF0,2.20391,102.221674,HQ,HQ
ZTF1,2.187931,102.267485,HQ,HQ
ZTF2,2.75281617282702,101.954815811275,HQ,HQ
ZTF3,2.97046021470628,101.77445551266,HQ,HQ
ZTF4,2.271701,102.216854,HQ,HQ
ZTF5,3.30782413636815,101.584947352146,HQ,HQ
ZTF6,2.98038082136625,101.443798745794,HQ,HQ
ZTF7,2.23944,102.23418,HQ,HQ
ZTF8,2.52291,101.799546,HQ,HQ
ZTF9,3.429873,101.557381,HQ,HQ
ZTG0,3.18222695182923,101.509515439165,HQ,HQ
ZTG1,2.64532,101.745572,HQ,HQ
ZTG2,3.233711,101.414792,HQ,HQ
ZTG3,2.880866,101.915889,HQ,HQ
ZTG4,3.18581,101.527145,HQ,HQ
ZTG5,2.834368,102.409379,HQ,HQ
ZTG6,2.707184,101.993941,HQ,HQ
ZTG7,2.709104,101.925448,HQ,HQ
ZTG8,2.238706,102.260219,HQ,HQ
ZTG9,2.726449,101.894691,HQ,HQ
ZTH0,3.024387,101.513043,HQ,HQ
ZTH1,3.227528,101.455167,HQ,HQ
ZTH2,3.056055,101.484262,HQ,HQ
ZTH3,3.249071,101.649179,HQ,HQ
ZTH4,2.999292,101.431318,HQ,HQ
ZTH5,3.00903,101.57781,HQ,HQ
ZTH6,3.13751,101.60979,HQ,HQ
ZTH7,2.948913,101.548591,HQ,HQ
ZTH8,3.135812,101.418724,HQ,HQ
ZTI0,3.069291,101.414923,HQ,HQ
ZTI1,3.454509,101.662438,HQ,HQ
ZTI2,2.987507,101.4191,HQ,HQ
ZTI3,2.80469,102.37474,HQ,HQ
ZTI4,3.031877,101.784262,HQ,HQ
ZTI5,3.060567,101.62656,HQ,HQ
ZTI6,2.730577,101.986144,HQ,HQ
ZTI7,3.179358,101.741479,HQ,HQ
ZTI9,3.107774,101.705953,HQ,HQ
ZTJ0,2.988212,101.467661,HQ,HQ
ZTJ1,3.002882,101.790803,HQ,HQ
ZTJ2,2.980014,101.512731,HQ,HQ
ZTJ3,2.995198,101.572504,HQ,HQ
ZTJ4,3.054591,101.789085,HQ,HQ
ZTJ5,3.216997,101.522643,HQ,HQ
ZTJ6,2.984423,101.77924,HQ,HQ
ZTJ7,3.084373,101.442058,HQ,HQ
ZTJ8,3.032691,101.453787,HQ,HQ
ZTJ9,3.001565,101.596928,HQ,HQ
ZTK1,3.334488,101.5177,HQ,HQ
ZTK3,2.670978,101.982381,HQ,HQ
ZTK5,2.736537,101.938332,HQ,HQ
ZTK6,2.555147,102.255985,HQ,HQ
ZTK7,2.241193,102.214875,HQ,HQ
ZTL4,2.942303,101.790294,HQ,HQ
DA03,5.4323419,101.1276607,NDC,NDC
DP02,5.3341762,100.2910477,NDC,NDC
EA04,4.609586,100.682743,NDC,NDC
EA05,4.78692,100.72238,NDC,NDC
EA06,4.524756,100.653511,NDC,NDC
EA07,4.2240416,100.7455088,NDC,NDC
EA08,4.885463,100.738196,NDC,NDC
EA09,4.929554,100.922055,NDC,NDC
EA10,4.379619,100.690015,NDC,NDC
EA12,4.836034,100.629384,NDC,NDC
EK01,5.622113,100.536018,NDC,NDC
EK02,5.7076987,100.4738995,NDC,NDC
EK03,6.243474,100.453224,NDC,NDC
EK04,5.4268537,100.53618,NDC,NDC
EK05,6.1536513,100.3993981,NDC,NDC
EK08,5.614808,100.504708,NDC,NDC
EK09,5.908585,100.476814,NDC,NDC
EK10,5.627992,100.470859,NDC,NDC
EK11,5.709271,100.534427,NDC,NDC
EK12,5.691438,100.539467,NDC,NDC
EK13,5.637823,100.558834,NDC,NDC
EP01,5.289316,100.247933,NDC,NDC
EP02,5.364956,100.446605,NDC,NDC
EP03,5.478669869,100.2526152,NDC,NDC
EP04,5.411440649,100.4111246,NDC,NDC
EP05,5.464633,100.280271,NDC,NDC
EP06,5.538916,100.466563,NDC,NDC
EP07,5.352108,100.299639,NDC,NDC
ER01,6.439359,100.209676,NDC,NDC
ER02,6.354949,100.187105,NDC,NDC
P001,5.114111,100.486194,NDC,NDC
P002,5.348083,100.472778,NDC,NDC
P003,5.43163,100.38443,NDC,NDC
P005,4.85,100.741222,NDC,NDC
P007,5.405529,100.405019,NDC,NDC
P011,6.079415,100.368312,NDC,NDC
P012,5.315785,100.475715,NDC,NDC
P014,5.395152,100.289569,NDC,NDC
P015,5.66,100.501333,NDC,NDC
P017,5.320722,100.478056,NDC,NDC
P018,4.872722,100.728528,NDC,NDC
P020,5.378773,100.314323,NDC,NDC
P021,6.128778,100.342778,NDC,NDC
P022,5.459709,100.308772,NDC,NDC
P025,5.436951,100.308937,NDC,NDC
P026,5.128556,100.482611,NDC,NDC
P027,4.866178,100.731483,NDC,NDC
P029,6.252694,100.428694,NDC,NDC
P031,4.865972,100.730167,NDC,NDC
P032,5.276806,100.490306,NDC,NDC
P033,5.636694,100.488667,NDC,NDC
P034,6.435306,100.43025,NDC,NDC
P037,5.51692,100.442829,NDC,NDC
P040,5.38553,100.546773,NDC,NDC
P041,5.351472,100.237056,NDC,NDC
P042,5.3243507,100.2818219,NDC,NDC
P043,5.435704,100.311083,NDC,NDC
P044,5.17848,100.48069,NDC,NDC
P045,5.387892,100.312999,NDC,NDC
P046,5.413272,100.332173,NDC,NDC
P049,5.388944,100.409083,NDC,NDC
P050,5.818139,100.482694,NDC,NDC
P051,5.859833,100.456,NDC,NDC
P052,5.439583,100.381611,NDC,NDC
P054,5.446948,100.43112,NDC,NDC
P055,5.488043,100.458236,NDC,NDC
P056,5.616339,100.471875,NDC,NDC
P061,5.328815,100.446213,NDC,NDC
P064,5.396564,100.315031,NDC,NDC
P065,5.621617,100.539227,NDC,NDC
P068,5.674218,100.509556,NDC,NDC
P069,6.145861,100.436563,NDC,NDC
P070,5.368008,100.4141264,NDC,NDC
P073,5.334624,100.503996,NDC,NDC
P074,6.111103,100.3511,NDC,NDC
P082,5.334055,100.290723,NDC,NDC
P083,5.365881,100.460563,NDC,NDC
P086,5.486583,100.479749,NDC,NDC
P088,5.408236,100.478243,NDC,NDC
P091,5.37101,100.219365,NDC,NDC
P092,5.440149,100.3832,NDC,NDC
P093,5.384821,100.392764,NDC,NDC
P094,6.256859345,100.6131504,NDC,NDC
P095,5.5160478,100.4508035,NDC,NDC
P096,6.001536,100.480995,NDC,NDC
P097,5.339541,100.429711,NDC,NDC
P098,5.3984,100.398993,NDC,NDC
P099,6.028343201,100.4825974,NDC,NDC
P100,5.39988,100.398485,NDC,NDC
P101,5.140301,100.490973,NDC,NDC
P102,5.351448,100.296614,NDC,NDC
P103,5.6520167,100.5065163,NDC,NDC
P104,5.288644,100.28069,NDC,NDC
P105,5.232221,100.440129,NDC,NDC
P106,5.424411,100.375972,NDC,NDC
P107,6.126389406,100.3664485,NDC,NDC
P108,5.404878,100.290001,NDC,NDC
P109,6.13394,100.38911,NDC,NDC
P110,5.210224,100.613739,NDC,NDC
P111,6.170077,100.306221,NDC,NDC
P112,5.70307488,100.5202037,NDC,NDC
P113,6.394593751,100.3017837,NDC,NDC
P114,5.492675,100.383783,NDC,NDC
P115,5.584855,100.374682,NDC,NDC
P116,5.505911,100.625269,NDC,NDC
P117,5.293363,100.231979,NDC,NDC
P118,5.701574,100.532975,NDC,NDC
P119,6.27541,100.40374,NDC,NDC
P120,6.200573,100.428792,NDC,NDC
P121,5.666675,100.530778,NDC,NDC
P122,5.5639127,100.6360348,NDC,NDC
P124,5.430722,100.311276,NDC,NDC
P125,5.274404,100.47665,NDC,NDC
P126,6.166739,100.499837,NDC,NDC
P127,5.4161,100.37926,NDC,NDC
P128,5.165804,100.476377,NDC,NDC
P129,5.628152,100.509969,NDC,NDC
P130,5.449815,100.304934,NDC,NDC
P131,6.27106578,100.4431444,NDC,NDC
P132,6.445046858,100.235088,NDC,NDC
P133,5.38431,100.54695,NDC,NDC
P134,5.711674,100.426935,NDC,NDC
P135,6.083015262,100.3601497,NDC,NDC
P136,5.818791764,100.5241927,NDC,NDC
P137,5.313859311,100.4928488,NDC,NDC
P138,5.512975373,100.4040503,NDC,NDC
P139,5.375554,100.537637,NDC,NDC
P140,5.582403,100.440071,NDC,NDC
P141,5.366522,100.435611,NDC,NDC
P142,5.90999,100.37513,NDC,NDC
P143,5.230778,100.491947,NDC,NDC
P144,5.509701,100.434706,NDC,NDC
P145,5.644873,100.490851,NDC,NDC
P146,5.60101,100.65394,NDC,NDC
P147,5.644873,100.490851,NDC,NDC
P148,6.151266,100.409331,NDC,NDC
P149,6.119366,100.388832,NDC,NDC
P151,5.617114,100.53501,NDC,NDC
P152,5.396933,100.559386,NDC,NDC
P153,5.490486,100.498131,NDC,NDC
P154,5.584268,100.487447,NDC,NDC
P155,5.371406,100.554006,NDC,NDC
P156,5.284522,100.506226,NDC,NDC
P157,6.261585,100.199199,NDC,NDC
P158,5.506071,100.537459,NDC,NDC
P159,6.6618045,100.321732,NDC,NDC
P160,5.340537,100.459895,NDC,NDC
P161,5.550003,100.494722,NDC,NDC
P162,5.680477,100.632474,NDC,NDC
P163,6.143098,100.358499,NDC,NDC
P164,5.408118,100.463253,NDC,NDC
P165,5.39912,100.28786,NDC,NDC
P166,5.452775,100.53913,NDC,NDC
P168,5.437816,100.514631,NDC,NDC
P169,5.386821,100.568776,NDC,NDC
P170,5.631427,100.51326,NDC,NDC
P171,5.316548,100.437053,NDC,NDC
P172,5.67615,100.919113,NDC,NDC
P173,5.424615,100.552533,NDC,NDC
PD01,5.80414,100.376471,NDC,NDC
PD02,5.64061,100.47856,NDC,NDC
PD03,6.42939,100.273,NDC,NDC
PD05,5.604891,100.640563,NDC,NDC
PD06,5.814812,100.739471,NDC,NDC
PD07,5.64381,100.51774,NDC,NDC
PD08,6.018187,100.384703,NDC,NDC
PD09,6.242959584,100.420537,NDC,NDC
PD10,6.100564,100.365827,NDC,NDC
PD11,6.395923059,100.1330063,NDC,NDC
PD12,5.733555,100.510792,NDC,NDC
PD13,6.17799,100.52954,NDC,NDC
PD14,6.13094,100.2978664,NDC,NDC
PD15,6.2389865,100.2456779,NDC,NDC
PD16,6.126107,100.368472,NDC,NDC
PD17,5.631583,100.538639,NDC,NDC
PD18,6.406607399,100.1819393,NDC,NDC
PD19,5.9891435,100.4763574,NDC,NDC
PD20,6.436972,100.194139,NDC,NDC
PD21,5.68042,100.492977,NDC,NDC
PD22,6.437506,100.305042,NDC,NDC
PD23,5.971165,100.400625,NDC,NDC
PD24,5.814389,100.474389,NDC,NDC
PD26,6.08893596,100.3099318,NDC,NDC
PD30,4.7710757,100.9373814,NDC,NDC
Q001,4.830722,101.0795,NDC,NDC
Q013,4.770583,100.9415,NDC,NDC
Q022,4.303503,100.759811,NDC,NDC
Q023,5.431444,101.126917,NDC,NDC
Q029,4.212865,100.6686117,NDC,NDC
Q030,4.443617,100.626251,NDC,NDC
Q049,4.774023,100.914884,NDC,NDC
Q050,5.1571,100.96096,NDC,NDC
Q052,5.7069229,101.0022655,NDC,NDC
Q053,4.2086,100.6379,NDC,NDC
Q059,4.897086,100.714324,NDC,NDC
Q062,4.862787,100.706929,NDC,NDC
Q064,4.822654,100.709549,NDC,NDC
Q066,5.224303,100.688505,NDC,NDC
Q071,4.81644,101.07786,NDC,NDC
Q072,4.193796,100.7005884,NDC,NDC
Q076,4.232496,100.630313,NDC,NDC
Q077,4.8916962,100.7343411,NDC,NDC
Q078,4.776105,100.859741,NDC,NDC
Q083,5.06964,100.38831,NDC,NDC
Q087,5.21488,100.69101,NDC,NDC
Q088,4.976046,100.789968,NDC,NDC
Q090,5.052754,100.589956,NDC,NDC
Q095,4.203809,100.67145,NDC,NDC
Q099,5.019031,100.436354,NDC,NDC
Q101,4.220145,100.67097,NDC,NDC
Q102,4.837462,100.711954,NDC,NDC
Q103,4.29369,100.753178,NDC,NDC
Q106,4.878223,100.728525,NDC,NDC
Q107,4.710185,100.71571,NDC,NDC
Q112,4.213995,100.688651,NDC,NDC
Q117,5.004928,100.951486,NDC,NDC
Q118,4.190189,100.658323,NDC,NDC
Q119,5.428929,101.129542,NDC,NDC
Q120,4.821405,100.740013,NDC,NDC
Q122,4.893489,100.724823,NDC,NDC
T003,6.1286142,100.342642,NDC,NDC
TA01,4.8657594,100.7315452,NDC,NDC
TA02,4.87292,100.72914,NDC,NDC
TK01,5.6601994,100.5013888,NDC,NDC
TK02,6.12504,100.36633,NDC,NDC
TK03,6.07935,100.36832,NDC,NDC
TP01,5.3340643,100.2909133,NDC,NDC
TP02,5.396354,100.290475,NDC,NDC
TP03,5.32029,100.47804,NDC,NDC
TP04,5.3984704,100.3979499,NDC,NDC
